<?xml version="1.0" encoding="utf-8" standalone="yes"?><rss version="2.0" xmlns:atom="http://www.w3.org/2005/Atom"><channel><title>Tags on Adriel Perkins - DevOps, Dev, &amp; Tech</title><link>adrielperkins.docker.localhost/tags/</link><description>Recent content in Tags on Adriel Perkins - DevOps, Dev, &amp; Tech</description><generator>Hugo -- gohugo.io</generator><language>en-us</language><atom:link href="adrielperkins.docker.localhost/tags/index.xml" rel="self" type="application/rss+xml"/></channel></rss>