<?xml version="1.0" encoding="utf-8" standalone="yes"?><rss version="2.0" xmlns:atom="http://www.w3.org/2005/Atom"><channel><title>Blog on Adriel Perkins - DevOps, Dev, &amp; Tech</title><link>adrielperkins.docker.localhost/blog/</link><description>Recent content in Blog on Adriel Perkins - DevOps, Dev, &amp; Tech</description><generator>Hugo -- gohugo.io</generator><language>en-us</language><lastBuildDate>Sun, 26 Jul 2020 17:29:50 +0000</lastBuildDate><atom:link href="adrielperkins.docker.localhost/blog/index.xml" rel="self" type="application/rss+xml"/><item><title>iPhone Review</title><link>adrielperkins.docker.localhost/blog/post-3/</link><pubDate>Sun, 26 Jul 2020 18:06:22 +0000</pubDate><guid>adrielperkins.docker.localhost/blog/post-3/</guid><description>This is some summary text. This is another sentence. How does Hugo know where to stop?</description></item><item><title>Corsair Review</title><link>adrielperkins.docker.localhost/blog/post-2/</link><pubDate>Sun, 26 Jul 2020 18:02:50 +0000</pubDate><guid>adrielperkins.docker.localhost/blog/post-2/</guid><description>This is some summary text. This is another sentence. How does Hugo know where to stop?</description></item><item><title>iPad Review</title><link>adrielperkins.docker.localhost/blog/post-1/</link><pubDate>Sun, 26 Jul 2020 17:23:11 +0000</pubDate><guid>adrielperkins.docker.localhost/blog/post-1/</guid><description>This is some summary text. This is another sentence. How does Hugo know where to stop?</description></item></channel></rss>