<?xml version="1.0" encoding="utf-8" standalone="yes"?><rss version="2.0" xmlns:atom="http://www.w3.org/2005/Atom"><channel><title>Contact Me on Adriel Perkins - DevOps, Dev, &amp; Tech</title><link>adrielperkins.docker.localhost/contact/</link><description>Recent content in Contact Me on Adriel Perkins - DevOps, Dev, &amp; Tech</description><generator>Hugo -- gohugo.io</generator><language>en-us</language><lastBuildDate>Sun, 26 Jul 2020 19:09:26 +0000</lastBuildDate><atom:link href="adrielperkins.docker.localhost/contact/index.xml" rel="self" type="application/rss+xml"/></channel></rss>