<?xml version="1.0" encoding="utf-8" standalone="yes"?><rss version="2.0" xmlns:atom="http://www.w3.org/2005/Atom"><channel><title>Categories on Adriel Perkins - DevOps, Dev, &amp; Tech</title><link>adrielperkins.docker.localhost/categories/</link><description>Recent content in Categories on Adriel Perkins - DevOps, Dev, &amp; Tech</description><generator>Hugo -- gohugo.io</generator><language>en-us</language><atom:link href="adrielperkins.docker.localhost/categories/index.xml" rel="self" type="application/rss+xml"/></channel></rss>